{
    "answers": {
        "phase": "architecture",
        "action": "orchestration design",
        "scope": "uml component",
        "action experience": 3,
        "prog lang": "n/a",
        "other prog lang": "<fill in>",
        "aimodel": "chatgpt",
        "aimodel version": "4-o",
        "lmstudio-hosted aimodel": "<fill-in>",
        "tool option": "online free",
        "experience with tool": 5,
        "time allocated (h)": "1",
        "time saved estimate (h)": "4", 
        "quality of ai help": 3,
        "knowledge acquired": 4,
        "generic feeling - now": 4,
        "generic feeling - future": 5,
        "threat level": 5,
        "notes": "<fill in>"
    }
}