{
    "answers": {
        "phase": "coding",
        "action": "network operations",
        "scope": "messaging deployment",
        "action experience": 2,
        "prog lang": "js-node",
        "other prog lang": "<fill in>",
        "aimodel": "chatgpt",
        "aimodel version": "4",
        "lmstudio-hosted aimodel": "<fill-in>",
        "tool option": "online free",
        "experience with tool": 5,
        "time allocated (h)": "1",
        "time saved estimate (h)": "1", 
        "quality of ai help": 5,
        "knowledge acquired": 0,
        "generic feeling - now": 4,
        "generic feeling - future": 4,
        "threat level": 5,
        "notes": "<fill in>"
    }
}