{
    "answers": {
        "phase": "architecture",
        "action": "microservices definition",
        "scope": "uml component",
        "action experience": 4,
        "prog lang": "n/a",
        "other prog lang": "<fill in>",
        "aimodel": "chatgpt",
        "aimodel version": "4-o",
        "lmstudio-hosted aimodel": "<fill in>",
        "tool option": "online free",
        "experience with tool": 4,
        "time allocated (h)": "1",
        "time saved estimate (h)": "5", 
        "quality of ai help": 4,
        "knowledge acquired": 3,
        "generic feeling - now": 3,
        "generic feeling - future": 5,
        "threat level": 4,
        "notes": "<fill in>"
    }
}