{
    "answers": {
        "phase": "coding",
        "action": "source code authoring",
        "scope": "backend",
        "action experience": 3,
        "prog lang": "js-node",
        "other prog lang": "<fill in>",
        "aimodel": "chatgpt", 
        "aimodel version": "4-o",
        "lmstudio-hosted aimodel": "<fill-in>",
        "tool option": "online free",
        "experience with tool": 5,
        "time allocated (h)": "5",
        "time saved estimate (h)": "25", 
        "quality of ai help": 4,
        "knowledge acquired": 3,
        "generic feeling - now": 5,
        "generic feeling - future": 5,
        "threat level": 5,
        "notes": "<fill in>"
    }
}