{
    "answers": {
        "phase": "coding",
        "action": "code management",
        "scope": "github operations",
        "action experience": 3,
        "prog lang": "n/a",
        "other prog lang": "<fill in>",
        "aimodel": "chatgpt",
        "aimodel version": "4",
        "lmstudio-hosted aimodel": "<fill-in>",
        "tool option": "online free", 
        "experience with tool": 4,
        "time allocated (h)": "1",
        "time saved estimate (h)": "0", 
        "quality of ai help": 4,
        "knowledge acquired": 4,
        "generic feeling - now": 3,
        "generic feeling - future": 4,
        "threat level": 0,
        "notes": "<fill in>"
    }
}