{
    "answers": {
        "phase": "coding",
        "action": "source code authoring",
        "scope": "messaging design",
        "action experience": 4,
        "prog lang": "js-node",
        "other prog lang": "<fill in>",
        "aimodel": "chatgpt",
        "aimodel version": "4-o",
        "lmstudio-hosted aimodel": "<fill-in>",
        "tool option": "online free",
        "experience with tool": 4,
        "time allocated (h)": "3.5",
        "time saved estimate (h)": "20", 
        "quality of ai help": 5,
        "knowledge acquired": 3,
        "generic feeling - now": 4,
        "generic feeling - future": 5,
        "threat level": 5,
        "notes": "<fill in>"
    }
}