{
    "answers": {
        "phase": "coding",
        "action":"source code authoring",
        "scope": "backend",
        "action experience": 3, 
        "prog lang": "js-node",
        "other prog lang": "<fill in>",
        "aimodel": "chatgpt",
        "aimodel version": "4",
        "lmstudio-hosted aimodel": "<fill-in>",
        "tool option": "online free",
        "experience with tool": 4,
        "time allocated (h)": "1",
        "time saved estimate (h)": "1", 
        "quality of ai help": 2,
        "knowledge acquired": 1,
        "generic feeling - now": 2, 
        "generic feeling - future": 2,
        "threat level": 2,
        "notes": "<fill in>"
    }
}