{
    "answers": {
        "phase": "deployment",
        "action": "container structuring",
        "scope": "deployment scripts",
        "action experience": 0,
        "prog lang": "other",
        "other prog lang": "Dockerfile",
        "aimodel": "chatgpt",
        "aimodel version": "3.5",
        "lmstudio-hosted aimodel": "No",
        "tool option": "online free",
        "experience with tool": 3,
        "time allocated (h)": "1",
        "time saved estimate (h)": "1", 
        "quality of ai help": 3,
        "knowledge acquired": 2,
        "generic feeling - now": 3,
        "generic feeling - future": 3,
        "threat level": 5,
        "notes": "None"
    }
}
