{
    "answers": {
        "phase": "coding",
        "action": "code management",
        "scope": "backend",
        "action experience": 5,
        "prog lang": "js-node",
        "other prog lang": "<fill in>",
        "aimodel": "chatgpt",
        "aimodel version": "4-o",
        "lmstudio-hosted aimodel": "<fill-in>",
        "tool option": "online free",
        "experience with tool": 5,
        "time allocated (h)": "3",
        "time saved estimate (h)": "20", 
        "quality of ai help": 5,
        "knowledge acquired": 5,
        "generic feeling - now": 5,
        "generic feeling - future": 5,
        "threat level": 5,
        "notes": "<fill in>"
    }
}