{
    "answers": {
        "phase": "design",
        "action": "api design",
        "scope": "api",
        "action experience": 4,
        "prog lang": "n/a",
        "other prog lang": "<fill in>",
        "aimodel": "chatgpt",
        "aimodel version": "4-o",
        "lmstudio-hosted aimodel": "<fill-in>",
        "tool option": "online free",
        "experience with tool": 4,
        "time allocated (h)": "2",
        "time saved estimate (h)": "5", 
        "quality of ai help": 4,
        "knowledge acquired": 3,
        "generic feeling - now": 4,
        "generic feeling - future": 5,
        "threat level": 5,
        "notes": "<fill in>"
    }
}