{
    "answers": {
        "phase": "coding",
        "action": "data design",
        "scope": "data management",
        "action experience": 5,
        "prog lang": "js",
        "other prog lang": "no",
        "aimodel": "chatgpt",
        "aimodel version": "3.5",
        "lmstudio-hosted aimodel": "no",
        "tool option": "online free",
        "experience with tool":  4,
        "time allocated (h)": "1",
        "time saved estimate (h)": "1", 
        "quality of ai help": 5,
        "knowledge acquired": 0,
        "generic feeling - now": 4,
        "generic feeling - future": 4,
        "threat level": 0,
        "notes": "no"
    }
}